title,url,date,favorite,review,tags
"Amy Sherald Cancels Smithsonian Show citing Censorship from Trump","https://www.nytimes.com/2025/07/24/arts/design/amy-sherald-smithsonian-censorship.html?smid=nytcore-ios-share&referringSource=articleShare","2025-07-24","false","My thoughts on Amy Sherald Cancels Smithsonian Show citing Censorship from Trump","#visual-culture,#painting"
"Apps that Build Themselves - the future of self writing software","https://x.com/omer_vexler/status/1937830092278784136","2025-07-24","true","","#product-design"
"Malleable Software","https://www.inkandswitch.com/essay/malleable-software/","2025-07-24","false","","#design_philosophy,#essays,#product-design"
"Susan Kare, Notes on Design","https://www.youtube.com/watch?v=4lx9Wtd2P48","2025-07-24","false","It was interesting","#design,#design_history"
"Location Sharing Stories on Modern Love","https://podcasts.apple.com/us/podcast/the-daily/id1200361736?i=1000715965253","2025-07-24","false","","#tech-in-culture"
"Amelia Watenbergers Thoughts on Design","https://wattenberger.com/","2025-07-24","false","A really cool portfolio/blog","#essay,#portfolio,#design"
"On craft, quality, and connection in the AI era","https://www.linkedin.com/pulse/made-love-craft-quality-connection-ai-era-figma-qtvne?utm_source=share&utm_medium=member_ios&utm_campaign=share_via","2025-07-24","false","","#design-philosophy,#product-design,#ai"
"Meaning and individuality in the machine intelligence era","https://venturebeat.com/ai/the-human-harbor-navigating-identity-and-meaning-in-the-ai-age/","2025-07-24","false","","#ai,#philosophy"
"In money can't persuade technologists to work against their values","https://www.theverge.com/ai-artificial-intelligence/703929/meta-openai-anthropic-superintelligence-lab-ai-poaching-money","2025-07-24","false","","#tech-ethics"
"Michael Beirut on sketchbooks, political branding, and his long career in design","https://podcasts.apple.com/us/podcast/by-design/id1815767140?i=1000714327169","2025-07-24","false","","#bio,#design"
"Practice, a book on design by Figma","https://www.figma.com/blog/the-making-of-practice/","2025-07-24","false","","#design,#essay"
"RL Reigns Supreme","https://www.chemistry.vc/post/rl-reigns-supreme","2025-07-24","false","","#algos,#ai"
"Adaptive Interfaces in the era of AI","https://x.com/ryolu_/status/1939504694411546643?s=46&t=1pxT5CPa1jRWuGNZaJoV9w","2025-07-24","false","","#design-philosphy,#ai,#product-design"
"Google CLI","https://techcrunch.com/2025/06/25/google-unveils-gemini-cli-an-open-source-ai-tool-for-terminals/","2025-07-24","false","","#tools,#algos"
"Illustrators fear AI","https://www.nytimes.com/interactive/2025/06/23/magazine/ai-art-artists-illustrator.html?unlocked_article_code=1.RU8.HXq6.MnJHdGPv9Ch1&smid=nytcore-ios-share&referringSource=articleShare","2025-07-24","false","","#ai,#illustration"
"Aaron Hersman, my jounrey in art and computing","https://www.youtube.com/watch?v=ehgjc9KEWYk","2025-07-24","false","","#creative-tech"
"Failed Startup Founders Progress Quicker in their Careers","https://www.library.hbs.edu/working-knowledge/why-a-failed-startup-might-be-good-for-your-career-after-all","2025-07-24","false","",""
"Jenny Saville Monograph at British ","https://www.newyorker.com/magazine/2025/06/16/jenny-saville-profile ","2025-07-24","false","",""
"VVG in Arles, Exhib at Boston MFA","https://www.nytimes.com/2025/06/19/arts/design/van-gogh-mfa-boston.html ","2025-07-24","false","",""
"Big Tech revives Skeumorphism","https://www.bloomberg.com/news/articles/2025-06-13/apple-airbnb-ditch-flat-app-icons-for-new-3d-ui-design?accessToken=eyJhbGciOiJIUzI1NiIsInR5cCI6IkpXVCJ9.eyJzb3VyY2UiOiJTdWJzY3JpYmVyR2lmdGVkQXJ0aWNsZSIsImlhdCI6MTc0OTg3MzA0MSwiZXhwIjoxNzUwNDc3ODQxLCJhcnRpY2xlSWQiOiJTWFNKV1pEV0xVNkEwMCIsImJjb25uZWN0SWQiOiIwNEFGQkMxQkYyMTA0NUVEODg3MzQxQkQwQzIyNzRBMCJ9.hDuFMKOgxN06EWOsfMcE2enuX0kV7P76Hqah-lP-OE0&leadSource=uverify%20wall ","2025-07-24","false","",""
"Prompt Science","https://papers.ssrn.com/sol3/papers.cfm?abstract_id=5165270","2025-07-24","false","",""
"The Gentle Singularity","https://blog.samaltman.com/the-gentle-singularity","2025-07-24","false","",""
"Bill Atkinson Lessons on Design","https://www.figma.com/blog/bill-atkinsons-10-rules-for-making-interfaces-more-human/","2025-07-24","false","",""
"Bill Atkinson Obit","https://www.nytimes.com/2025/06/07/technology/bill-atkinson-dead.html","2025-07-24","false","",""
"Welcome to the Era of Experience:","https://storage.googleapis.com/deepmind-media/Era-of-Experience%20/The%20Era%20of%20Experience%20Paper.pdf","2025-07-24","false","",""
"Eric Snowden on Design Leadership:","https://adobe.design/stories/leading-design/eric-snowden-on-leading-a-global-design-team","2025-07-24","false","",""
"Maggie Rogers Dont Forget Me Podcast Interview","https://www.youtube.com/watch?v=k2IL6aPK5pQ ","2025-07-24","false","",""
"Human first AI evaluation @ Figma","https://t.co/zsWRYNg8TQ","2025-07-24","false","",""
"Google Material 3 Experessive: Fun UI Treament means Better Usability","https://design.google/library/expressive-material-design-google-research","2025-07-24","false","",""
"Jony Ive and Sam Altman team up to create an AI device of the future","https://openai.com/sam-and-jony/","2025-07-24","false","",""
"Microsoft & MCP & AI for the Web","https://www.theverge.com/web/669437/nlweb-microsoft-ai-agents-open-web","2025-07-24","false","","#ai"
"Anthropic CEO Profile","https://x.com/shiringhaffary/status/1924501811416666413?s=46&t=1pxT5CPa1jRWuGNZaJoV9w","2025-07-24","false","","#bio,#ai"
"MCP Server for 3Blue1Brown","https://github.com/abhiemj/manim-mcp-server","2025-07-24","false","","#creative-tech,#algos"
"Why Apple hasn’t cracked AI","https://t.co/799bnFVIQb","2025-07-24","false","","#tech-news,#ai"
"Flat design is over. The future is colorful and dimensional.","https://x.com/bchesky/status/1923155526524772822?s=46&t=1pxT5CPa1jRWuGNZaJoV9w","2025-07-24","false","","#design-philosophy"
"Wes Anderson Exhibition @ London Design Museum","https://www.fastcompany.com/91331161/take-a-peek-into-wes-andersons-personal-archives","2025-07-24","false","","#museum,#visual-culture"
"Figma IPO","https://x.com/katie_roof/status/1922082660349837399?s=46&t=1pxT5CPa1jRWuGNZaJoV9w","2025-07-24","false","","#tools,#tech-news"
"Conversation with Antropic CEO - Podcast","https://podcasts.apple.com/us/podcast/conversations-with-tyler/id983795625","2025-07-24","false","","#tech-industry,#ai"
"How Models Think - Antropic Claude","https://www.anthropic.com/research/tracing-thoughts-language-model","2025-07-24","false","","#algos"
"PatchMatch Algorithm begind Content Aware Fill PS","https://gfx.cs.princeton.edu/pubs/Barnes_2009_PAR/index.php?utm_source=chatgpt.com","2025-07-24","false","","#algos"
"Figma and AI at Config 2025","http://web.archive.org/web/20250509223659/https://www.theverge.com/command-line-newsletter/664444/figma-ceo-ai-config-interview","2025-07-24","false","","#ai,#tools,#product-design"
"Gen Z, the Generation of Rejection","https://www.businessinsider.com/gen-z-most-rejected-generation-college-careers-jobs-dating-ghosting-2025-3","2025-07-24","false","","#society"
"Chicken Breast Recipes","https://cooking.nytimes.com/article/how-to-cook-chicken-breast","2025-07-24","false","","#food"
"Meta wants to replace the content pipeline with 1-click creative for targetted ads","https://www.theverge.com/meta/659506/mark-zuckerberg-ai-facebook-ads","2025-07-24","false","","#ai,#tech-news"
"Human Centered design for the AI Driven Futures","https://www.ideo.com/journal/in-the-age-of-ai-human-centered-design-is-more-crucial-than-ever","2025-07-24","false","","#design,#ai"
"AI UI Beyond ChatBot","https://x.com/garrytan/status/1917922927514960183?s=46&t=1pxT5CPa1jRWuGNZaJoV9w","2025-07-24","false","","#ai,#product-design"
"Desigining Content Credentials","https://adobe.design/stories/process/behind-the-design-adobe-content-authenticity-app","2025-07-24","false","","#ai-art-ethics,#design_philosophy"
"AI for Better City Planning","https://www.fastcompany.com/91323292/ai-found-these-simple-features-make-a-city-more-walkable","2025-07-24","false","","#civic-tech,#ai"
"ChatGPT’s Data on You","https://x.com/signulll/status/1910699595530752172?s=46&t=1pxT5CPa1jRWuGNZaJoV9w","2025-07-24","false","","ffff"
"AI That Can Learn about you Over Your Entire Lifetime","https://x.com/sama/status/1910380643772665873?s=46&t=1pxT5CPa1jRWuGNZaJoV9w","2025-07-24","false","","#ai,#tech-industry"
"In an Age of Right-Wing Populism, Why Are Denmark’s Liberals Winning?","https://www.nytimes.com/2025/02/24/magazine/denmark-immigration-policy-progressives.html","2025-07-24","false","","#politics"
"Gay Sexual Experiences in Religious School / Gender Segregated Schools","https://www.haaretz.com/israel-news/2025-02-21/ty-article-magazine/.premium/religious-israelis-abuzz-over-study-on-gay-sexual-experiences-in-gender-segregated-schools/00000195-2333-d293-a1d5-e737cca60000?utm_source=App_Share&utm_medium=iOS_Native","2025-07-24","false","","#gay,#masculinity"
"Vibe Coding","https://www.figma.com/blog/double-click-vibe-coding/","2025-07-24","false","","#vibe-coding"
"Harris for President Branding:","https://www.wideeye.co/case-study/harris-for-president-2024","2025-07-24","false","","#american-politics,#design,#case-study"
"Pentagram partner Paula Scher defends use of Gen AI","https://www.fastcompany.com/91240809/pentagram-partner-paula-scher-unapologetically-defends-using-generative-ai","2025-07-24","false","","#ai,#visual-culture"
"Pentagram Opts for AI Midjourney over Illustrators:","https://www.fastcompany.com/91240809/pentagram-partner-paula-scher-unapologetically-defends-using-generative-ai","2025-07-24","false","","#ai-art-ethics"
"Meta Research on Hand Gestures for AR:","https://www.instagram.com/p/DDH9PFUxbdh/?utm_source=ig_web_copy_link&igsh=MzRlODBiNWFlZA==","2025-07-24","false","","#computer-vision,#tech-news"
"Meta AR","https://www.fastcompany.com/91229358/inside-metas-long-term-vision-to-make-its-orion-glasses-the-airpods-of-augmented-reality","2025-07-24","false","","#computer-vision,#tech-news"
"25% of Google code written by AI","https://www.theverge.com/2024/10/29/24282757/google-new-code-generated-ai-q3-2024","2025-07-24","false","","#ai,#tech-news"
"Tim Cook Bio","https://www.wsj.com/style/tim-cook-interview-apple-intelligence-vision-pro-48c59018?st=HUzQaZ&reflink=desktopwebshare_permalink","2025-07-24","false","","#tech-news,#bio"
"Figma Redesign","https://www.figma.com/blog/our-approach-to-designing-ui3/","2025-07-24","false","","#tech-news,#product-design,#tools"
"Drawing political cartoons of Kamala:","https://www.politico.com/news/magazine/2024/09/22/caricaturing-kamala-harris-00175047","2025-07-24","false","","#illustration,#visual-culture,#american-politics"
"Art after Oct 7","https://www.haaretz.com/life/2024-09-20/ty-article-magazine/.premium/i-had-a-crazy-idea-collect-all-important-israeli-art-created-after-october-7/00000192-0a5d-dc60-a5fb-ef7fa7f20000","2025-07-24","false","","#israel-palestine,#fine-arts"
"Snap Spectacles and the AR Bet:","https://www.theverge.com/2024/9/17/24245572/snap-spectacles-ar-developers-evan-spiegel","2025-07-24","false","","#computer-vision,#tech-industry"
"The Life of Yahya Sinwar","https://www.newyorker.com/magazine/2024/08/12/yahya-sinwar-profile-hamas-gaza-war-israel","2025-07-24","false","Chilling","#israel-palestine"